comment_body,title,id,sorted_by,score,children,children_body
"Great work, love the angle. But a little confused as to what we are shown and the title doesn't help, is that dragon what he summoned?","""He walks with a fire in his hidden feelings"", Siroi Kuzira, Digital, 2018",cakvva,hot,7.0,[],[]
Spoilers,"""He walks with a fire in his hidden feelings"", Siroi Kuzira, Digital, 2018",cakvva,hot,2.0,,[]
I know right! I was trying to figure out some cosmic reason for them. Or maybe dude just likes earrings,"""He walks with a fire in his hidden feelings"", Siroi Kuzira, Digital, 2018",cakvva,hot,2.0,,"['Nah, they showed it in the anime']"
I really love this artwork!,"""He walks with a fire in his hidden feelings"", Siroi Kuzira, Digital, 2018",cakvva,hot,1.0,,[]
"the more i look at it, the more derpy that dragon looks.","""He walks with a fire in his hidden feelings"", Siroi Kuzira, Digital, 2018",cakvva,hot,1.0,,[]
See more of his/her work [here](https://www.pixiv.net/member_illust.php?id=859572),"""He walks with a fire in his hidden feelings"", Siroi Kuzira, Digital, 2018",cakvva,hot,1.0,,[]
">Siroi Kuzira

True, but it can be forgiven since the artist doesn't seem to be a native English speaker:  [https://characterdesignreferences.com/artist-of-the-week-6/yoshiyuki](https://characterdesignreferences.com/artist-of-the-week-6/yoshiyuki)","""He walks with a fire in his hidden feelings"", Siroi Kuzira, Digital, 2018",cakvva,hot,30.0,,[]
"greatly appreciated, old habit just incase I'm not the only one that would be willing to spend currency to support an artist.","""He walks with a fire in his hidden feelings"", Siroi Kuzira, Digital, 2018",cakvva,hot,5.0,,['I assumed it was a translation or 2nd language issue.\n\nOne of those things where I think you should run a title by a native speaker.']
The strawberry wasn't so self absorbed,"""He walks with a fire in his hidden feelings"", Siroi Kuzira, Digital, 2018",cakvva,hot,3.0,,[]
Awesomest Chinese dragon I‚Äôve seen. Artist definitely knows his/her shit,"""He walks with a fire in his hidden feelings"", Siroi Kuzira, Digital, 2018",cakvva,hot,1.0,,[]
When you cast your human cleric and you dragon God in the same turn during a game of Magic,"""He walks with a fire in his hidden feelings"", Siroi Kuzira, Digital, 2018",cakvva,hot,1.0,,[]
I would not want to be enemies with this dude!,"""He walks with a fire in his hidden feelings"", Siroi Kuzira, Digital, 2018",cakvva,hot,2.0,,[]
"""Woah woah, bruv. Yer fuckin lizard is messing shit up.""","""He walks with a fire in his hidden feelings"", Siroi Kuzira, Digital, 2018",cakvva,hot,1.0,,[]
"For a second there, I thought I was in r/OnePiece","""He walks with a fire in his hidden feelings"", Siroi Kuzira, Digital, 2018",cakvva,hot,37.0,,[]
Does the dragon put on his own earrings?,"""He walks with a fire in his hidden feelings"", Siroi Kuzira, Digital, 2018",cakvva,hot,3.0,,['Kaido is a big boy']
How to pierce your dragon.,"""He walks with a fire in his hidden feelings"", Siroi Kuzira, Digital, 2018",cakvva,hot,2.0,,['I know right! I was trying to figure out some cosmic reason for them. Or maybe dude just likes earrings']
You made me spit out my hot coco.,"""He walks with a fire in his hidden feelings"", Siroi Kuzira, Digital, 2018",cakvva,hot,3.0,,[]
Shigaraki and Gigantomachia except a thousand years earlier,"""He walks with a fire in his hidden feelings"", Siroi Kuzira, Digital, 2018",cakvva,hot,1.0,,[]
Someone post this in r/dragons,"""He walks with a fire in his hidden feelings"", Siroi Kuzira, Digital, 2018",cakvva,hot,2.0,,[]
Definitely thought this was one if the spirit dragons in BOTW.,"""He walks with a fire in his hidden feelings"", Siroi Kuzira, Digital, 2018",cakvva,hot,1.0,,['oh my god this is a real sub. Thank you.']
Shoot an arrow at it so it drops a scale!,"""He walks with a fire in his hidden feelings"", Siroi Kuzira, Digital, 2018",cakvva,hot,2.0,,[]
"No, Assuming makes an Ass out of u and the Ming dynasty.","""He walks with a fire in his hidden feelings"", Siroi Kuzira, Digital, 2018",cakvva,hot,6.0,,[]
I love the attention to detail in this,"""He walks with a fire in his hidden feelings"", Siroi Kuzira, Digital, 2018",cakvva,hot,6.0,,[]
"What about ""Dude watch out there is a motherfucking big ass dragon over you!!"" ?","""He walks with a fire in his hidden feelings"", Siroi Kuzira, Digital, 2018",cakvva,hot,5.0,,[]
How to Train For Dragons,"""He walks with a fire in his hidden feelings"", Siroi Kuzira, Digital, 2018",cakvva,hot,63.0,,[]
I want to make a DnD item/character with this,"""He walks with a fire in his hidden feelings"", Siroi Kuzira, Digital, 2018",cakvva,hot,1.0,,['How to Drain Your Dragon']
Great Dragon: ( Õ°¬∞ Õú ñ Õ°¬∞),"""He walks with a fire in his hidden feelings"", Siroi Kuzira, Digital, 2018",cakvva,hot,2.0,,[]
"Through the darkness of future past, the magican longs to see... one chance out between two worlds","""He walks with a fire in his hidden feelings"", Siroi Kuzira, Digital, 2018",cakvva,hot,1.0,,[]
"this almost looks like watercolor, super cool","""He walks with a fire in his hidden feelings"", Siroi Kuzira, Digital, 2018",cakvva,hot,1.0,,[]
"I'd prefer to see some actual art instead of just illustrations. Something with more meaning behind it than a cool dragon and a fantasy caricature.

But yeah everything is equal and this guy might be Picasso to some poor schmuck so don't say anything bad about anything because you might hurt people's feelings. Here's a My Little Pony erotica fan drawing, it's just as good as everything. Suck my dick.

Edit: and before you try to shame me for not being nice to you, know that cynical reddit comments are my art form and they're just as good as a statue or whatever so don't complain about my ideals or way of creativity.","""He walks with a fire in his hidden feelings"", Siroi Kuzira, Digital, 2018",cakvva,hot,-15.0,,[]
The strawberry and this piece are both fantastic for completely separate reasons. The only thing this comment achieves is a public display of your own ignorance,"""He walks with a fire in his hidden feelings"", Siroi Kuzira, Digital, 2018",cakvva,hot,1.0,,"['Keep digging my guy.', 'Careful not to cut anyone with all that edge.']"
r/nocontext,"""He walks with a fire in his hidden feelings"", Siroi Kuzira, Digital, 2018",cakvva,hot,1.0,,[]
"Anime stuff from Anime in Anime style like an Anime, /r/art, every damn day.","""He walks with a fire in his hidden feelings"", Siroi Kuzira, Digital, 2018",cakvva,hot,-9.0,,[]
"""...That damn dragon is right behind me, isn't he""","""He walks with a fire in his hidden feelings"", Siroi Kuzira, Digital, 2018",cakvva,hot,1.0,,"[""Art is art. Any type of artstyle is still art and be fine with it cause some anime art are beautiful and stunning to see. If it's not your thing then it's alright, no need to complain about peoples ideals and way of creativity""]"
And thus the company Bad Dragon was born,"""He walks with a fire in his hidden feelings"", Siroi Kuzira, Digital, 2018",cakvva,hot,1.0,,[]
"Nah, they showed it in the anime","""He walks with a fire in his hidden feelings"", Siroi Kuzira, Digital, 2018",cakvva,hot,5.0,,[]
Kaido is a big boy,"""He walks with a fire in his hidden feelings"", Siroi Kuzira, Digital, 2018",cakvva,hot,18.0,,[]
"That strawberry was dope, though. And it was OC.","""He walks with a fire in his hidden feelings"", Siroi Kuzira, Digital, 2018",cakvva,hot,9.0,,"['Divine Thunder  ò‚Äø ò', 'Spoilers']"
"The great dragon :""Granted. Prepare your anus""","""He walks with a fire in his hidden feelings"", Siroi Kuzira, Digital, 2018",cakvva,hot,151.0,,[]
Divine Thunder  ò‚Äø ò,"""He walks with a fire in his hidden feelings"", Siroi Kuzira, Digital, 2018",cakvva,hot,3.0,,"['How to Train For Dragons', 'Dreamworks, 2004: ""I call it: Shrek 2!""\n\n.\n\n..\n\n""The kids will love it!""', 'You made me spit out my hot coco.', 'And thus the company Bad Dragon was born', 'r/themonkeyspaw', 'r/nocontext']"
"He's got a devil's haircut, in his mind.","""He walks with a fire in his hidden feelings"", Siroi Kuzira, Digital, 2018",cakvva,hot,2.0,,[]
Super cool! Thanks for sharing!,"""He walks with a fire in his hidden feelings"", Siroi Kuzira, Digital, 2018",cakvva,hot,1.0,,[]
!remind me 24 hours,"""He walks with a fire in his hidden feelings"", Siroi Kuzira, Digital, 2018",cakvva,hot,1.0,,[]
How to Drain Your Dragon,"""He walks with a fire in his hidden feelings"", Siroi Kuzira, Digital, 2018",cakvva,hot,39.0,,[]
Definitely thought this was one if the spirit dragons in BOTW.,"""He walks with a fire in his hidden feelings"", Siroi Kuzira, Digital, 2018",cakvva,hot,1.0,,[]
"When you‚Äôre piece is this good, name it whatever you want

But translation be damned that title hurts","""He walks with a fire in his hidden feelings"", Siroi Kuzira, Digital, 2018",cakvva,hot,1.0,,[]
r/themonkeyspaw,"""He walks with a fire in his hidden feelings"", Siroi Kuzira, Digital, 2018",cakvva,hot,1.0,,[]
"I assumed it was a translation or 2nd language issue.

One of those things where I think you should run a title by a native speaker.","""He walks with a fire in his hidden feelings"", Siroi Kuzira, Digital, 2018",cakvva,hot,21.0,,[]
"Am really enjoying this concept, very beautiful indeed.","""He walks with a fire in his hidden feelings"", Siroi Kuzira, Digital, 2018",cakvva,hot,1.0,,"[""He didn't. You didn't like it."", 'Here\'s my shot at a less literal translation.\n\nSource: Artist\'s Twitter  \nhttps://twitter.com/siroikuzira1/status/929354244171300870\n\n""Èö†„Åó„ÅüÊ∞óÊåÅ„Å°„Å´ÁÅ´„ÇíÁÑö„Åπ„Å¶ÂΩº„ÅØÊ≠©„ÅçÂá∫„Åô„ÄÇ""  \nlit: hidden feeling in fire burn he walks out\n\n*""Stepping forth, a flame burning within""*', 'Assuming makes an ass out of u and me']"
"Art is art. Any type of artstyle is still art and be fine with it cause some anime art are beautiful and stunning to see. If it's not your thing then it's alright, no need to complain about peoples ideals and way of creativity","""He walks with a fire in his hidden feelings"", Siroi Kuzira, Digital, 2018",cakvva,hot,10.0,,[]
"Also there is a Dragon, because Dragons are cool 2018


^^^I ^^^still ^^^love ^^^the ^^^piece ^^^whoever ^^^made ^^^this","""He walks with a fire in his hidden feelings"", Siroi Kuzira, Digital, 2018",cakvva,hot,20.0,,"[""I'd prefer to see some actual art instead of just illustrations. Something with more meaning behind it than a cool dragon and a fantasy caricature.\n\nBut yeah everything is equal and this guy might be Picasso to some poor schmuck so don't say anything bad about anything because you might hurt people's feelings. Here's a My Little Pony erotica fan drawing, it's just as good as everything. Suck my dick.\n\nEdit: and before you try to shame me for not being nice to you, know that cynical reddit comments are my art form and they're just as good as a statue or whatever so don't complain about my ideals or way of creativity.""]"
Can I use this as my wallpaper?,"""He walks with a fire in his hidden feelings"", Siroi Kuzira, Digital, 2018",cakvva,hot,1.0,,[]
"Great piece, terrible title.","""He walks with a fire in his hidden feelings"", Siroi Kuzira, Digital, 2018",cakvva,hot,128.0,,[]
"He Has Emotional Stuff Going On Behind The Curtain and That is Neat, digital, 2018","""He walks with a fire in his hidden feelings"", Siroi Kuzira, Digital, 2018",cakvva,hot,99.0,,"['He Has Emotional Stuff Going On Behind The Curtain and That is Neat, digital, 2018', "">Siroi Kuzira\n\nTrue, but it can be forgiven since the artist doesn't seem to be a native English speaker:  [https://characterdesignreferences.com/artist-of-the-week-6/yoshiyuki](https://characterdesignreferences.com/artist-of-the-week-6/yoshiyuki)"", 'What about ""Dude watch out there is a motherfucking big ass dragon over you!!"" ?', 'Does the dragon put on his own earrings?', ""He's got a devil's haircut, in his mind."", 'have you seen japanese porn titles?']"
Title has only meaning for whom have fire in their souls!,"""He walks with a fire in his hidden feelings"", Siroi Kuzira, Digital, 2018",cakvva,hot,1.0,,"['r/im14andthisisdeep', 'Anime stuff from Anime in Anime style like an Anime, /r/art, every damn day.']"
r/im14andthisisdeep,"""He walks with a fire in his hidden feelings"", Siroi Kuzira, Digital, 2018",cakvva,hot,34.0,,[]
"I like the concept and the execution.  Going to save this for wallpaper, thanks.","""He walks with a fire in his hidden feelings"", Siroi Kuzira, Digital, 2018",cakvva,hot,1.0,,"['Also there is a Dragon, because Dragons are cool 2018\n\n\n^^^I ^^^still ^^^love ^^^the ^^^piece ^^^whoever ^^^made ^^^this']"
New Breath of Fire confirmed?,"""He walks with a fire in his hidden feelings"", Siroi Kuzira, Digital, 2018",cakvva,hot,1.0,,[]
Only the Shimadas can control the dragons. Who..are..you?,"""He walks with a fire in his hidden feelings"", Siroi Kuzira, Digital, 2018",cakvva,hot,1.0,,[]
He didn't. You didn't like it.,"""He walks with a fire in his hidden feelings"", Siroi Kuzira, Digital, 2018",cakvva,hot,3.0,,[]
"Here's my shot at a less literal translation.

Source: Artist's Twitter  
https://twitter.com/siroikuzira1/status/929354244171300870

""Èö†„Åó„ÅüÊ∞óÊåÅ„Å°„Å´ÁÅ´„ÇíÁÑö„Åπ„Å¶ÂΩº„ÅØÊ≠©„ÅçÂá∫„Åô„ÄÇ""  
lit: hidden feeling in fire burn he walks out

*""Stepping forth, a flame burning within""*","""He walks with a fire in his hidden feelings"", Siroi Kuzira, Digital, 2018",cakvva,hot,4.0,,[]
"Dreamworks, 2004: ""I call it: Shrek 2!""

.

..

""The kids will love it!""","""He walks with a fire in his hidden feelings"", Siroi Kuzira, Digital, 2018",cakvva,hot,15.0,,[]
owo,"""He walks with a fire in his hidden feelings"", Siroi Kuzira, Digital, 2018",cakvva,hot,6.0,,[]
Keep digging my guy.,"""He walks with a fire in his hidden feelings"", Siroi Kuzira, Digital, 2018",cakvva,hot,3.0,,[]
[Here's a link](https://characterdesignreferences.com/artist-of-the-week-6/yoshiyuki),"""He walks with a fire in his hidden feelings"", Siroi Kuzira, Digital, 2018",cakvva,hot,21.0,,[]
This get 500 upvotes while a fucking strawberry gets 20k. What the fuck,"""He walks with a fire in his hidden feelings"", Siroi Kuzira, Digital, 2018",cakvva,hot,5.0,,"[""greatly appreciated, old habit just incase I'm not the only one that would be willing to spend currency to support an artist.""]"
"could I get some sauce with this image, unless you drew it...","""He walks with a fire in his hidden feelings"", Siroi Kuzira, Digital, 2018",cakvva,hot,14.0,,"['That strawberry was dope, though. And it was OC.', ""The strawberry wasn't so self absorbed"", 'The strawberry and this piece are both fantastic for completely separate reasons. The only thing this comment achieves is a public display of your own ignorance']"
oh my god this is a real sub. Thank you.,"""He walks with a fire in his hidden feelings"", Siroi Kuzira, Digital, 2018",cakvva,hot,1.0,,"[""[Here's a link](https://characterdesignreferences.com/artist-of-the-week-6/yoshiyuki)"", '!remind me 24 hours']"
Careful not to cut anyone with all that edge.,"""He walks with a fire in his hidden feelings"", Siroi Kuzira, Digital, 2018",cakvva,hot,1.0,,"[""You're welcome! I just discovered it myself not too long ago""]"
Assuming makes an ass out of u and me,"""He walks with a fire in his hidden feelings"", Siroi Kuzira, Digital, 2018",cakvva,hot,1.0,,[]
This is so cool...  but it deserves a backgrounde,"""He walks with a fire in his hidden feelings"", Siroi Kuzira, Digital, 2018",cakvva,hot,1.0,,"['No, Assuming makes an Ass out of u and the Ming dynasty.']"
You're welcome! I just discovered it myself not too long ago,"""He walks with a fire in his hidden feelings"", Siroi Kuzira, Digital, 2018",cakvva,hot,1.0,,[]
"Why does he need to raise his lamp holding arm? He's not in a dark, closed area looking for details on the wall...","""He walks with a fire in his hidden feelings"", Siroi Kuzira, Digital, 2018",cakvva,hot,2.0,,[]
"Beautiful drawing. But you might want to put that dragon on a leash, it's wreaking havoc on that guy's house","""He walks with a fire in his hidden feelings"", Siroi Kuzira, Digital, 2018",cakvva,hot,2.0,,[]
"‚ÄúHe whom summons me receives one wish‚Äù  

‚ÄúGreat Dragon, I wish to no longer be a virgin‚Äù","""He walks with a fire in his hidden feelings"", Siroi Kuzira, Digital, 2018",cakvva,hot,222.0,,[]
"Damn, he's so rude. Walking in like that, aggressive dragon and all.

Jokes aside, great work!","""He walks with a fire in his hidden feelings"", Siroi Kuzira, Digital, 2018",cakvva,hot,1.0,,"['The great dragon :""Granted. Prepare your anus""', 'owo', 'Great Dragon: ( Õ°¬∞ Õú ñ Õ°¬∞)']"
Something looks weird about this,"""He walks with a fire in his hidden feelings"", Siroi Kuzira, Digital, 2018",cakvva,hot,1.0,,[]
Very nice!!! I love artworks of dragons.,"""He walks with a fire in his hidden feelings"", Siroi Kuzira, Digital, 2018",cakvva,hot,3.0,,[]
What kind of Stand is that?!?,"""He walks with a fire in his hidden feelings"", Siroi Kuzira, Digital, 2018",cakvva,hot,1.0,,[]
have you seen japanese porn titles?,"""He walks with a fire in his hidden feelings"", Siroi Kuzira, Digital, 2018",cakvva,hot,2.0,,[]
Is there by any chance a 1920*1080 version of this?,"""He walks with a fire in his hidden feelings"", Siroi Kuzira, Digital, 2018",cakvva,hot,2.0,,[]
my goodness. the sense of scale is incredible.,"""He walks with a fire in his hidden feelings"", Siroi Kuzira, Digital, 2018",cakvva,hot,1.0,,[]
How did you fig-ure out how to do this so well?,"Figs, Me, Watercolor, 2019",cajdiz,hot,3.0,,[]
I love this. I don‚Äôt even like figs but I want to frame this. Do you have a store?,"Figs, Me, Watercolor, 2019",cajdiz,hot,5.0,,[]
Love the pulp inside! Can‚Äôt believe this is watercolor. Well done,"Figs, Me, Watercolor, 2019",cajdiz,hot,14.0,,[]
100% thought the one on the right was a sweet hat for a second,"Figs, Me, Watercolor, 2019",cajdiz,hot,1.0,,['Thanks so much! It was the most frustrating part :D']
"Did you get inspiration from a real fig, or was it just a fig-ment of your imagination?","Figs, Me, Watercolor, 2019",cajdiz,hot,35.0,,[]
"The only frustrating part is how effortless you made it look.

The execution on this piece is spectacular. Bravo, this is really strong work.","Figs, Me, Watercolor, 2019",cajdiz,hot,2.0,,[]
Can strict vegans eat figs?,"Figs, Me, Watercolor, 2019",cajdiz,hot,0.0,,[]
"Thats not a painting silly, thats to life like it must be a pictureüò≤","Figs, Me, Watercolor, 2019",cajdiz,hot,1.0,,[]
"aannd I will try and Figs, you.","Figs, Me, Watercolor, 2019",cajdiz,hot,1.0,,[]
That is awesome. Do you know what type of fig that is? There is a small but growing group of fig lovers over on /r/Figs You should drop by for some inspiration!,"Figs, Me, Watercolor, 2019",cajdiz,hot,1.0,,[]
"Reminds me of home. This really is a good work, I can almost taste them!","Figs, Me, Watercolor, 2019",cajdiz,hot,1.0,,[]
Thanks so much! It was the most frustrating part :D,"Figs, Me, Watercolor, 2019",cajdiz,hot,12.0,,[]
This is incredible. And now I‚Äôm craving figs.,"Figs, Me, Watercolor, 2019",cajdiz,hot,1.0,,"['The only frustrating part is how effortless you made it look.\n\nThe execution on this piece is spectacular. Bravo, this is really strong work.']"
The inside of the fruit looks like a portal to an evil realm,"Figs, Me, Watercolor, 2019",cajdiz,hot,1.0,,[]
Part of why I love figs so much!! Great work OP this made my day,"Figs, Me, Watercolor, 2019",cajdiz,hot,1.0,,['Part of why I love figs so much!! Great work OP this made my day']
This is incredibly beautiful. You‚Äôre so talented!,"Figs, Me, Watercolor, 2019",cajdiz,hot,1.0,,[]
"Love it! Made me feel something I thought I‚Äôd forgotten. The feeling of a solo drive from Houston, Tx back to Camp Pendleton, CA after a 96hr pass and stopping at a cheap motel off the highway in Arizona or SoCal. I‚Äôd go for a walk through the middle of nowhere and chain smoke with this sick feeling in the pit of my stomach, knowing that I‚Äôd soon be back in a barracks, getting yelled at and prepping for more infantry-related misery. 

Anyway, great job!","The Motel, Me, Digital 2D, 2019",cal5va,hot,1.0,,[]
I would like to play this game.,"The Motel, Me, Digital 2D, 2019",cal5va,hot,2.0,,[]
This is EXQUiSITE! What app do you use to do your digital art?,"The Motel, Me, Digital 2D, 2019",cal5va,hot,1.0,,['After my thesis I have plans to create a game with my stylization :D']
Thank you so much üíï I use Photoshop :),"The Motel, Me, Digital 2D, 2019",cal5va,hot,1.0,,['Thank you! I use Photoshop for all of my paintings and Illustrations :D']
"That‚Äôs dope, keep up the good work.","The Motel, Me, Digital 2D, 2019",cal5va,hot,1.0,,['Of course! And I figured. Do you use a tablet? Just curious. I‚Äôm looking to get into digital art as well!']
Just made this my wallpaper. I love the style and color theme!,"The Motel, Me, Digital 2D, 2019",cal5va,hot,3.0,,[]
Thank you so much ‚ù§Ô∏è,"The Motel, Me, Digital 2D, 2019",cal5va,hot,1.0,,['Woah thank you so much :)']
I made this my wallpaper too. It's absolutely amazing.,"The Motel, Me, Digital 2D, 2019",cal5va,hot,3.0,,[]
I appreciate it so much!,"The Motel, Me, Digital 2D, 2019",cal5va,hot,1.0,,['I appreciate it so much!']
Wow you actually noticed it and was right ! Yes it's something I add on my characters :D,"The Motel, Me, Digital 2D, 2019",cal5va,hot,3.0,,[]
I feel like some cosmic shit is about to go down in that Motel!,"The Motel, Me, Digital 2D, 2019",cal5va,hot,1.0,,[]
Wow what a sick colour palette. Absolutely love it!,"The Motel, Me, Digital 2D, 2019",cal5va,hot,2.0,,[]
Of course! And I figured. Do you use a tablet? Just curious. I‚Äôm looking to get into digital art as well!,"The Motel, Me, Digital 2D, 2019",cal5va,hot,1.0,,"[""Thank you so much :')""]"
So awesome! Love the aesthetic. What program do you use?,"The Motel, Me, Digital 2D, 2019",cal5va,hot,2.0,,[]
After my thesis I have plans to create a game with my stylization :D,"The Motel, Me, Digital 2D, 2019",cal5va,hot,1.0,,['Thank you so much üíï I use Photoshop :)']
Thank you so much üíï. Most of my art follow this color scheme,"The Motel, Me, Digital 2D, 2019",cal5va,hot,1.0,,[]
Thank you so much :'),"The Motel, Me, Digital 2D, 2019",cal5va,hot,1.0,,[]
love the aesthetic! looks like a dream,"The Motel, Me, Digital 2D, 2019",cal5va,hot,6.0,,[]
Beautiful piece! Digging it,"The Motel, Me, Digital 2D, 2019",cal5va,hot,1.0,,['Thank you so much üíï. Most of my art follow this color scheme']
Thank you! I use Photoshop for all of my paintings and Illustrations :D,"The Motel, Me, Digital 2D, 2019",cal5va,hot,1.0,,[]
Woah thank you so much :),"The Motel, Me, Digital 2D, 2019",cal5va,hot,1.0,,[]
"After looking at a few of your creations, I noticed something interesting. Some life forms have a mark on them such as, O and X. Does O represent the male and X female? Very interesting yet creative.","The Motel, Me, Digital 2D, 2019",cal5va,hot,2.0,,[]
"I was sleepy until seeing this, amazing colouring.","The Motel, Me, Digital 2D, 2019",cal5va,hot,2.0,,"[""Wow you actually noticed it and was right ! Yes it's something I add on my characters :D""]"
Woah! Good morning üåû,"The Motel, Me, Digital 2D, 2019",cal5va,hot,1.0,,['Woah! Good morning üåû']
I love the colours and atmosphere here!,"The Motel, Me, Digital 2D, 2019",cal5va,hot,2.0,,[]
Can someone match a song to this,"The Motel, Me, Digital 2D, 2019",cal5va,hot,1.0,,['Thank you so much ‚ù§Ô∏è']
Someone on internet tried adding synthwave on this! I would love if some redditor does it or even animate it with rain or fx :D,"The Motel, Me, Digital 2D, 2019",cal5va,hot,1.0,,['Someone on internet tried adding synthwave on this! I would love if some redditor does it or even animate it with rain or fx :D']
"Lovely concept, could you tell me about your creation?","Mermaid, Me, Digital, 2019",calrbi,hot,2.0,,[]
*Under the sea but make it ominous*,"Mermaid, Me, Digital, 2019",calrbi,hot,1.0,,"[""we were discussing fairies and mermaids on stream and I was talking about how the only portrayal of mermaids that I like are the one's that are a bit creepy.  Sketched one as an example and it turned into a full painting.""]"
You should watch the tv show Siren. :) You have a unique style but the dark/morbid style reminded me of Siren!,"Mermaid, Me, Digital, 2019",calrbi,hot,1.0,,[]
<3,"Mermaid, Me, Digital, 2019",calrbi,hot,1.0,,[]
Would be hard to defend killing a humnoidl creature as such.,"Mermaid, Me, Digital, 2019",calrbi,hot,3.0,,[]
That‚Äôs creepily beautiful,"Mermaid, Me, Digital, 2019",calrbi,hot,10.0,,[]
Courage the Cowardly Dog fan?,"Mermaid, Me, Digital, 2019",calrbi,hot,1.0,,"[""thanks, I've always liked a creepy portrayal of folklore creatures.  Sort of like Pans Labyrinth""]"
"thanks, I've always liked a creepy portrayal of folklore creatures.  Sort of like Pans Labyrinth","Mermaid, Me, Digital, 2019",calrbi,hot,5.0,,[]
thank you! thought it would be cool to see some deep sea characteristics on her.,"Mermaid, Me, Digital, 2019",calrbi,hot,3.0,,[]
Now THIS is a mermaid! Great work!,"Mermaid, Me, Digital, 2019",calrbi,hot,2.0,,[]
"I thought at first she was a normal friendly mermaid until I zoomed on her xddd

Great work!!!","Mermaid, Me, Digital, 2019",calrbi,hot,2.0,,[]
thanks!,"Mermaid, Me, Digital, 2019",calrbi,hot,3.0,,[]
"Wow, she's a lot more sinister than her cousin Ariel.

Lovely work OP, she's cruelly beautiful.","Mermaid, Me, Digital, 2019",calrbi,hot,6.0,,[]
we were discussing fairies and mermaids on stream and I was talking about how the only portrayal of mermaids that I like are the one's that are a bit creepy.  Sketched one as an example and it turned into a full painting.,"Mermaid, Me, Digital, 2019",calrbi,hot,3.0,,['thanks!']
Was a great stream. Thanks for sharing.,"Mermaid, Me, Digital, 2019",calrbi,hot,2.0,,[]
Cool idea with the bioluminescent tail. I've never seen that depicted on a mermaid before.,"Mermaid, Me, Digital, 2019",calrbi,hot,3.0,,['<3']
Beautiful! I wish I was able to draw this realistically with coloured pencils!,"Strawberry, Me, Colored Pencils, 2017",caf74m,hot,3.0,,['thank you! thought it would be cool to see some deep sea characteristics on her.']
JESSSSS!,"Strawberry, Me, Colored Pencils, 2017",caf74m,hot,8.0,,[]
"Beautiful work, but I have one quick critique.  The light shining on the bottom of the berry looks like it would be reflecting from a white surface, not the paper color. Toning down the specularity and/or adding a bit of tan would help. Either way, great work.","Strawberry, Me, Colored Pencils, 2017",caf74m,hot,10.0,,[]
You... I like you.,"Strawberry, Me, Colored Pencils, 2017",caf74m,hot,22.0,,[]
white charcoal you say ü§î never heard of this....,"Strawberry, Me, Colored Pencils, 2017",caf74m,hot,43.0,,['üòÅüòäüòä']
What kind of colored pencils do you use? Im trying to get rich color like this and your everyday colored pencil definitely doesnt blend this well and end up this bold.,"Strawberry, Me, Colored Pencils, 2017",caf74m,hot,117.0,,['Shhhh']
"Oooo... this does something for me, Idk what it is XD","Strawberry, Me, Colored Pencils, 2017",caf74m,hot,2.0,,"['I added a bit of white charcoal for highlights ü§´', 'Prismacolor is the shit. Real artist grade colored pencils are meant to used with this level of saturation, so high quality pigment in a smooth binder is what youre looking for.', 'Traditional media will never get this kind of saturation.  This type of value range has been digitally altered.\n\n""White"" in real life isn\'t really white, it\'s usually some shade of grey if you really look at it.  Compare something white around you to the ""true white"" of a light source to know what I\'m talking about.  You can layer and layer and layer your pencils, but you need photoshop to get these values. \n\nSource: I\'m an artist who works in traditional and digital media']"
Yes it is,"Strawberry, Me, Colored Pencils, 2017",caf74m,hot,-4.0,,[]
"O.M.G.! Hello? It‚Äôs 2019, and we don‚Äôt say ‚Äúcolored‚Äù anymore. Did you mean ‚Äúpencils of color?‚Äù","Strawberry, Me, Colored Pencils, 2017",caf74m,hot,4.0,,[]
"Prismacolor is the shit. Real artist grade colored pencils are meant to used with this level of saturation, so high quality pigment in a smooth binder is what youre looking for.","Strawberry, Me, Colored Pencils, 2017",caf74m,hot,23.0,,[]
Also like a week ago,"Strawberry, Me, Colored Pencils, 2017",caf74m,hot,9.0,,"['I have colored pencils like this, it still looks like a third grade coloring project for me. I even use the wax blending pencil.', 'Second this!']"
Lol ok..,"Strawberry, Me, Colored Pencils, 2017",caf74m,hot,-77.0,,[]
Thank u so much üôèüèºüôèüèº,"Strawberry, Me, Colored Pencils, 2017",caf74m,hot,3.0,,"[""Why are you taking it so personally? He's giving you good advice.""]"
Shhh!!!ü§´,"Strawberry, Me, Colored Pencils, 2017",caf74m,hot,23.0,,[]
Shiniest strawberry I have ever seen,"Strawberry, Me, Colored Pencils, 2017",caf74m,hot,788.0,,[]
"What!? I am still confusing. Looks so real.
Great work!!","Strawberry, Me, Colored Pencils, 2017",caf74m,hot,1.0,,"['Most favorited fruit in the world üòä its gotta stand out', 'The thing‚Äôs brighter than my future', 'It looks like a polished wax strawberry to me.', 'FAKE', 'Aluminum strawberry']"
"WHAT IS IT LIT BY?!

THIS STRAWBERRY CONFUSES ME!

Jokes aside, neat drawing.

!","Strawberry, Me, Colored Pencils, 2017",caf74m,hot,8.0,,[]
So many strawberries recently,"Strawberry, Me, Colored Pencils, 2017",caf74m,hot,2.0,,[]
It looks like a polished wax strawberry to me.,"Strawberry, Me, Colored Pencils, 2017",caf74m,hot,5.0,,[]
"If there was more than 1 shade of red, it might tone down how bright the whole piece is and give it better depth. A darker red or purple, maybe. It could be stylized, or it could be realistic, but right now it sit in between and distracts from that personal touch imo. It's too 2D?","Strawberry, Me, Colored Pencils, 2017",caf74m,hot,5.0,,"['They sometimes pray red wax on Strawberries to make them look more red at the supermarket, or so I have been told.']"
It's all just sugar on ice,"Strawberry, Me, Colored Pencils, 2017",caf74m,hot,3.0,,"[""I agree. While this rendering is an excellent study in contrast, it's lacking variety of color. If the reflection under the strawberry matched the color of the paper, it would help the piece look more compositionally fulfilling. The addition of more cool and warm reds, greens, and blues would also help the berry feel more round and less two dimensional. \n\nLike I said, it's not a bad drawing in terms of studying relative light and dark, but it does need a bit more color to really be convincing as a three dimensional object.""]"
"Heck, this better than RTX.","Strawberry, Me, Colored Pencils, 2017",caf74m,hot,2.0,,[]
Looks like a metal strawberry,"Strawberry, Me, Colored Pencils, 2017",caf74m,hot,1.0,,[]
You need to learn to accept criticism. It‚Äôs kind of embarrassing how you‚Äôre responding to anything less than unadulterated praise,"Strawberry, Me, Colored Pencils, 2017",caf74m,hot,23.0,,[]
Is it bad I want to eat it even if I know it‚Äôs on paper,"Strawberry, Me, Colored Pencils, 2017",caf74m,hot,2.0,,[]
Haha hope so!,"Strawberry, Me, Colored Pencils, 2017",caf74m,hot,2.0,,[]
Does this strawberry convert into a sports car?,"Strawberry, Me, Colored Pencils, 2017",caf74m,hot,2.0,,[]
Next you're going to tell me you used no red pencils to draw this.,"Strawberry, Me, Colored Pencils, 2017",caf74m,hot,2.0,,[]
That‚Äôs illegal in some states you know ü§®,"Strawberry, Me, Colored Pencils, 2017",caf74m,hot,38.0,,[]
Seriously! But how!? Very good.,"Strawberry, Me, Colored Pencils, 2017",caf74m,hot,2.0,,['OP has a pencil dick.']
Shhhh,"Strawberry, Me, Colored Pencils, 2017",caf74m,hot,43.0,,[]
"This is the strawberry from The Little Mouse, the Red Ripe Strawberry, and the Big Hungry Bear!","Strawberry, Me, Colored Pencils, 2017",caf74m,hot,2.0,,['Ooh! White charcoal is the best!']
Ok,"Strawberry, Me, Colored Pencils, 2017",caf74m,hot,0.0,,[]
The thing‚Äôs brighter than my future,"Strawberry, Me, Colored Pencils, 2017",caf74m,hot,23.0,,[]
"Ok, I see the strawberry, but were are you, the pencils and 2017?","Strawberry, Me, Colored Pencils, 2017",caf74m,hot,2.0,,[]
"This is my drawing... i have posted it on /drawing before but I wanted to post it on here as well to get it seen more lol. I don‚Äôt steal any pictures? They are all my drawings on my profile. If you have seen it posted on another account other than mine, then please show me. That aint cool","Strawberry, Me, Colored Pencils, 2017",caf74m,hot,2.0,,[]
"Did you painted the white over the red or you have leaved blank spaces, I assume by the paper you've painted it over with some special white pencil","Strawberry, Me, Colored Pencils, 2017",caf74m,hot,2.0,,"['Well I may not have the post, but considering you‚Äôve reposted that strawberry THREE times, with the exact same image IS kind of suspicious.']"
Cool thanks :),"Strawberry, Me, Colored Pencils, 2017",caf74m,hot,2.0,,[]
It helps a lot!,"Strawberry, Me, Colored Pencils, 2017",caf74m,hot,0.0,,[]
Toned tan :),"Strawberry, Me, Colored Pencils, 2017",caf74m,hot,5.0,,[]
What is that reflecting on it from the bottom?,"Strawberry, Me, Colored Pencils, 2017",caf74m,hot,2.0,,['Cool thanks :)']
"Knowing what colors to use for shading is really tough on your own, but places like this, where you can get honest, respectful and thorough critiques are invaluable to grow your skills. Personally, color's been my toughest challenge as an artist, but even just experimenting helps so much. Op, critiques are just part of this life, it's not an insult.","Strawberry, Me, Colored Pencils, 2017",caf74m,hot,6.0,,"['Ooooh I see. It has started to rot with white mold forming on it? I get it, Art. Makes you think ya kno.']"
I don't think I could ever do this. Beautiful.,"Strawberry, Me, Colored Pencils, 2017",caf74m,hot,2.0,,[]
"Just learned strawberries aren't berries, I've been living a lie.","Strawberry, Me, Colored Pencils, 2017",caf74m,hot,1.0,,[]
What a berry beautiful job you did!,"Strawberry, Me, Colored Pencils, 2017",caf74m,hot,2.0,,[]
Only critique I have is that the strawberry is all using one shade of red which causes it to look flat.,"Strawberry, Me, Colored Pencils, 2017",caf74m,hot,3.0,,['Thank u!! :)']
I love burnishing with those but it‚Äôs sad their quality has gone downhill over the years. I guess to make them cheaper and more accessible for more people.,"Strawberry, Me, Colored Pencils, 2017",caf74m,hot,3.0,,[]
strawberry pasta?,"Strawberry, Me, Colored Pencils, 2017",caf74m,hot,3.0,,[]
It looks like it would burst like blown up gum when you bite into it,"Strawberry, Me, Colored Pencils, 2017",caf74m,hot,2.0,,[]
anyone have advice to someone struggling to learn to deal with colored pencils?,"Strawberry, Me, Colored Pencils, 2017",caf74m,hot,1.0,,[]
Looks like a real picture of a plastic strawberry,"Strawberry, Me, Colored Pencils, 2017",caf74m,hot,2.0,,[]
That's an old drawing right? I'm 99% sure I've seen that exact drawing before,"Strawberry, Me, Colored Pencils, 2017",caf74m,hot,11.0,,[]
I can actually SEE the pesticide residue on it. So real! Well done!,"Strawberry, Me, Colored Pencils, 2017",caf74m,hot,2.0,,['[deleted]']
That is one tasty looking strawberry!,"Strawberry, Me, Colored Pencils, 2017",caf74m,hot,3.0,,[]
"Mamamia that‚Äôs one shiny looking strawb. I like this drawing a lot, looks great :)","Strawberry, Me, Colored Pencils, 2017",caf74m,hot,2.0,,['Yes it is']
"I have colored pencils like this, it still looks like a third grade coloring project for me. I even use the wax blending pencil.","Strawberry, Me, Colored Pencils, 2017",caf74m,hot,7.0,,[]
"You seem worried about how I reacted, maybe you should ask yourself?","Strawberry, Me, Colored Pencils, 2017",caf74m,hot,38.0,,"['the key is light layers. A big mistake a lot of people make is starting off with one of the BIG sets of colored pencils that have almost any color you can think of. A smaller pack of them will help with learning to use layers to get the color/saturation you want. Also, the blending pencils are great, but I like to go a little darker with my base layers, then use a white colored pencil to blend/lighten.\n\nAlso, yes, paper is a big factor. You want something that has a good tooth to it, but not too much. There is a balance. If you are using printer style paper, its going to look like crayons. If you use too toothy of a paper, you knock down a lot of that tooth and wont be able to blend as well.', 'Same. Maybe it‚Äôs the paper we are using?']"
Love how shiny this it doesn‚Äôt even look like colored pencil (:,"Strawberry, Me, Colored Pencils, 2017",caf74m,hot,2.0,,"['You seem worried about their reaction to your reaction, everything okay?']"
Why are you taking it so personally? He's giving you good advice.,"Strawberry, Me, Colored Pencils, 2017",caf74m,hot,52.0,,[]
üòÇ,"Strawberry, Me, Colored Pencils, 2017",caf74m,hot,-1.0,,['Why are you so worried about how someone reacts?']
"In anime, this would be the most delicious strawberry in existence.","Strawberry, Me, Colored Pencils, 2017",caf74m,hot,9.0,,[]
Thank u!! :),"Strawberry, Me, Colored Pencils, 2017",caf74m,hot,0.0,,"['This is the strawberry from The Little Mouse, the Red Ripe Strawberry, and the Big Hungry Bear!']"
I added a bit of white charcoal for highlights ü§´,"Strawberry, Me, Colored Pencils, 2017",caf74m,hot,117.0,,[]
Love the shhhh emoji hahaha.,"Strawberry, Me, Colored Pencils, 2017",caf74m,hot,3.0,,"['white charcoal you say ü§î never heard of this....', 'Is that the ""clean coal"" I keep hearing about from Trump?', 'Love the shhhh emoji hahaha.', 'Ahhh clever üôÇ']"
"THE MAGIC LIGHTING IS BACK. Two lamps, facing each other?","Strawberry, Me, Colored Pencils, 2017",caf74m,hot,2.0,,[]
"Ooooh I see. It has started to rot with white mold forming on it? I get it, Art. Makes you think ya kno.","Strawberry, Me, Colored Pencils, 2017",caf74m,hot,2.0,,[]
"Really lovely drawing! One thing I learned that helps with highlights is to use a lighter analagous  color to do highlights instead of white (in this case I would use light yellow). It helps the highlight not pull away from the object, like it's doing a little at the top of the strawberry.","Strawberry, Me, Colored Pencils, 2017",caf74m,hot,3.0,,[]
"You seem worried about their reaction to your reaction, everything okay?","Strawberry, Me, Colored Pencils, 2017",caf74m,hot,-13.0,,[]
Busted,"Strawberry, Me, Colored Pencils, 2017",caf74m,hot,1.0,,['Everybody chill the fuck out. It‚Äôs all going to be okay. Let‚Äôs just put the guns away.']
Looks more like a cherry to me,"Strawberry, Me, Colored Pencils, 2017",caf74m,hot,6.0,,[]
That's one  h y d r a t e d  berry,"Strawberry, Me, Colored Pencils, 2017",caf74m,hot,2.0,,"[""It's all just sugar on ice"", 'Was looking for this!!']"
There is absolutely NO WAY I could do anything this good.please do more üòÑ,"Strawberry, Me, Colored Pencils, 2017",caf74m,hot,1.0,,[]
You're the one that's full of hate. Why downvote criticism and then hide behind emojis and corny retorts? You're as full of it as this crappy drawing.,"Strawberry, Me, Colored Pencils, 2017",caf74m,hot,-3.0,,"[""If you have two good hands you could make a lot better than this my friend, and I'm not insulting this artist or try to flatter you. \n\nArt is just another skill like juggling or cooking that anyone can be good at if they do it often.\n\nIf you want to make art like this, today is the best time to start practicing. It might take a few months or maybe a year, but you'll get there.""]"
Oops ;),"Strawberry, Me, Colored Pencils, 2017",caf74m,hot,2.0,,['Wow.']
"I agree. While this rendering is an excellent study in contrast, it's lacking variety of color. If the reflection under the strawberry matched the color of the paper, it would help the piece look more compositionally fulfilling. The addition of more cool and warm reds, greens, and blues would also help the berry feel more round and less two dimensional. 

Like I said, it's not a bad drawing in terms of studying relative light and dark, but it does need a bit more color to really be convincing as a three dimensional object.","Strawberry, Me, Colored Pencils, 2017",caf74m,hot,10.0,,[]
"I had a strawberry covered in melted sugar in Korea, looked just like this. It was about as awesome as your drawing!","Strawberry, Me, Colored Pencils, 2017",caf74m,hot,8.0,,"[""Knowing what colors to use for shading is really tough on your own, but places like this, where you can get honest, respectful and thorough critiques are invaluable to grow your skills. Personally, color's been my toughest challenge as an artist, but even just experimenting helps so much. Op, critiques are just part of this life, it's not an insult.""]"
Thanks!,"Strawberry, Me, Colored Pencils, 2017",caf74m,hot,6.0,,['Haha hope so!']
Most favorited fruit in the world üòä its gotta stand out,"Strawberry, Me, Colored Pencils, 2017",caf74m,hot,345.0,,[]
Smashed the screen trying to reach out and eat it :),"Strawberry, Me, Colored Pencils, 2017",caf74m,hot,2.0,,"['Immediately I thought this was a photo of a strawberry shaped metal pin. You should make this into a pin!', 'Wholesome üíõ', 'You... I like you.', 'You must be a Marcello Barenghi fan right?', 'Pineapple tho']"
Everybody chill the fuck out. It‚Äôs all going to be okay. Let‚Äôs just put the guns away.,"Strawberry, Me, Colored Pencils, 2017",caf74m,hot,13.0,,['Oops ;)']
"My mum and I just looked at all the stuff you've posted on your account, they're all terrific! You're very good at what you do!","Strawberry, Me, Colored Pencils, 2017",caf74m,hot,2.0,,[]
I love the image of pineapples. They're just more aesthetically interesting than strawberries.,"Strawberry, Me, Colored Pencils, 2017",caf74m,hot,1.0,,['Thank u so much üôèüèºüôèüèº']
"Some people need to live in their past accomplishments. Maybe he‚Äôs just trying to use his only good piece to try and get some followers. I mean whatever it is, a lot of people can only cling to things as a way to their idea of success rather than actually do more you know?","Strawberry, Me, Colored Pencils, 2017",caf74m,hot,19.0,,[]
Dang thanks for the hate üòä always much appreciated lol,"Strawberry, Me, Colored Pencils, 2017",caf74m,hot,1.0,,"['Yea i can kinda relate because i draw a lot of my self, but i would rather do a new piece than post the same work 3 times to make more karma.']"
I did draw this :/ but thanks for the negativity,"Strawberry, Me, Colored Pencils, 2017",caf74m,hot,4.0,,"[""You're the one that's full of hate. Why downvote criticism and then hide behind emojis and corny retorts? You're as full of it as this crappy drawing.""]"
Was looking for this!!,"Strawberry, Me, Colored Pencils, 2017",caf74m,hot,2.0,,"['Well when you answer ‚Äúhow did you do the highlights‚Äù with ‚Äúwhite charcoal‚Äù or ‚Äúhow did you make it so shiny‚Äù: ‚ÄúI added my love‚Äù. You are either a corny bastard or you have no idea. If you did draw it, maybe help some aspiring artists with your techniques and wisdom. If you didn‚Äôt draw it, then get a life :-)']"
If you ever do requests I would love to see a watermelon slice!!!,"Strawberry, Me, Colored Pencils, 2017",caf74m,hot,2.0,,[]
Second this!,"Strawberry, Me, Colored Pencils, 2017",caf74m,hot,2.0,,[]
Just perfect. I love the lighting and the detail work is excellent. What kind of colored pencils do you use?,"Strawberry, Me, Colored Pencils, 2017",caf74m,hot,2.0,,[]
"Never eat metal strawberries, it's bad for your teeth","Strawberry, Me, Colored Pencils, 2017",caf74m,hot,2.0,,[]
how did you make the colors blend so smoothly????,"Strawberry, Me, Colored Pencils, 2017",caf74m,hot,1.0,,[]
[deleted],"Strawberry, Me, Colored Pencils, 2017",caf74m,hot,0.0,,[]
Pineapple tho,"Strawberry, Me, Colored Pencils, 2017",caf74m,hot,2.0,,['I love burnishing with those but it‚Äôs sad their quality has gone downhill over the years. I guess to make them cheaper and more accessible for more people.']
"Is that the ""clean coal"" I keep hearing about from Trump?","Strawberry, Me, Colored Pencils, 2017",caf74m,hot,18.0,,"[""I love the image of pineapples. They're just more aesthetically interesting than strawberries.""]"
[deleted],"Strawberry, Me, Colored Pencils, 2017",caf74m,hot,-32.0,,['No no. This is real']
üòÅüòäüòä,"Strawberry, Me, Colored Pencils, 2017",caf74m,hot,19.0,,"[""Ok np i don't want to make a big deal about this so i am just going to let this go. But overall the strawberry looks lit.""]"
[deleted],"Strawberry, Me, Colored Pencils, 2017",caf74m,hot,-9.0,,[]
Awesome! I love the lighting and the detail work is excellent.,"Strawberry, Me, Colored Pencils, 2017",caf74m,hot,37.0,,"['Also like a week ago', 'Busted']"
That looks good enough to eat!!,"Strawberry, Me, Colored Pencils, 2017",caf74m,hot,2.0,,['Thanks!']
üòÇüòÇüòÇüòÇ,"Strawberry, Me, Colored Pencils, 2017",caf74m,hot,34.0,,[]
"bro check this guy‚Äôs profile pics he just keeps reposting. Also I saw this same strawberry from someone else, but in their profile it actually had the ‚Äúin the making‚Äù photos. This makes me so damn angry, stop stealing from people AND keep posting it again and again.","Strawberry, Me, Colored Pencils, 2017",caf74m,hot,-1.0,,[]
"Seems like he didn‚Äôt even draw it based on his responses. He wouldn‚Äôt be the first to take credit for someone else‚Äôs work, I realize, but those people need to get a life...","Strawberry, Me, Colored Pencils, 2017",caf74m,hot,0.0,,"['This is my drawing... i have posted it on /drawing before but I wanted to post it on here as well to get it seen more lol. I don‚Äôt steal any pictures? They are all my drawings on my profile. If you have seen it posted on another account other than mine, then please show me. That aint cool']"
The strawberry looks like it's made out of a car,"Strawberry, Me, Colored Pencils, 2017",caf74m,hot,2.0,,['I did draw this :/ but thanks for the negativity']
Any drawings of coconuts?,"Strawberry, Me, Colored Pencils, 2017",caf74m,hot,6.0,,[]
It can't get more real than this üî•,"Strawberry, Me, Colored Pencils, 2017",caf74m,hot,-7.0,,[]
Reminds me of the great late Micheal English back in the 70's/80's. Fantastic realist airbrusher\\illustrator.,"Strawberry, Me, Colored Pencils, 2017",caf74m,hot,2.0,,['üôèüèºüôèüèºüôèüèº']
Wholesome üíõ,"Strawberry, Me, Colored Pencils, 2017",caf74m,hot,66.0,,[]
I added my love üòÅ,"Strawberry, Me, Colored Pencils, 2017",caf74m,hot,141.0,,['It‚Äôs like dialogue from a Mario game']
"Traditional media will never get this kind of saturation.  This type of value range has been digitally altered.

""White"" in real life isn't really white, it's usually some shade of grey if you really look at it.  Compare something white around you to the ""true white"" of a light source to know what I'm talking about.  You can layer and layer and layer your pencils, but you need photoshop to get these values. 

Source: I'm an artist who works in traditional and digital media","Strawberry, Me, Colored Pencils, 2017",caf74m,hot,1.0,,"['That‚Äôs illegal in some states you know ü§®', 'Oh god...', 'Any drawings of coconuts?', 'Did you use a reference to create the lighting or did you do that from memory/knowledge of lighting?']"
Shinnniest strawberry I have ever seen,"Strawberry, Me, Colored Pencils, 2017",caf74m,hot,3.0,,"[""Thanks. I'm an artist as well and am familiar with how color works but my tools are currently lacking in the quality department. Plus his/her use of a brown paper also increases the color which I'm aware of. But im glad to know there's photoshop included in this.""]"
Shiniest strawberry I've ever seen,"Strawberry, Me, Colored Pencils, 2017",caf74m,hot,4.0,,[]
You have posted this 3 times now :),"Strawberry, Me, Colored Pencils, 2017",caf74m,hot,48.0,,[]
Kinds and their darn chromed out strawberries,"Strawberry, Me, Colored Pencils, 2017",caf74m,hot,1.0,,"['Seems like he didn‚Äôt even draw it based on his responses. He wouldn‚Äôt be the first to take credit for someone else‚Äôs work, I realize, but those people need to get a life...', 'Go away']"
Same. Maybe it‚Äôs the paper we are using?,"Strawberry, Me, Colored Pencils, 2017",caf74m,hot,5.0,,[]
i just ate like 30 strawberries today and I can taste this,"Strawberry, Me, Colored Pencils, 2017",caf74m,hot,2.0,,[]
this is *supercalifragilisticexpialidocious*,"Strawberry, Me, Colored Pencils, 2017",caf74m,hot,2.0,,[]
"This looks rendered, amazing job!","Strawberry, Me, Colored Pencils, 2017",caf74m,hot,2.0,,[]
lil more on that shadow would do a lot for this,"Strawberry, Me, Colored Pencils, 2017",caf74m,hot,39.0,,[]
"is it supposed to be under ripe on the bottom? or is it reflection from the surface it is on? if it's reflection then it would help to draw in some of the surface to show how the light is being reflected onto the bottom of the strawberry  and give an explanation for the shine or light patch by giving it a little bit of context :) hope im not coming off as rude or anything, i just really love this kinda stuff","Strawberry, Me, Colored Pencils, 2017",caf74m,hot,3.0,,['It helps a lot!']
Ok np i don't want to make a big deal about this so i am just going to let this go. But overall the strawberry looks lit.,"Strawberry, Me, Colored Pencils, 2017",caf74m,hot,12.0,,[]
Looks like I could pick it up and take a bite out of it. Good job üëèüëå,"Strawberry, Me, Colored Pencils, 2017",caf74m,hot,2.0,,[]
"How long did this take you, it's amazing btw your a very talented artist.","Strawberry, Me, Colored Pencils, 2017",caf74m,hot,2.0,,[]
Ahhh clever üôÇ,"Strawberry, Me, Colored Pencils, 2017",caf74m,hot,6.0,,[]
Oh god...,"Strawberry, Me, Colored Pencils, 2017",caf74m,hot,61.0,,[]
? Telling the truth. 10d ago 1y ago,"Strawberry, Me, Colored Pencils, 2017",caf74m,hot,28.0,,['oh nooo...']
Thank u!! üôèüèº,"Strawberry, Me, Colored Pencils, 2017",caf74m,hot,1.0,,"['Some people need to live in their past accomplishments. Maybe he‚Äôs just trying to use his only good piece to try and get some followers. I mean whatever it is, a lot of people can only cling to things as a way to their idea of success rather than actually do more you know?']"
Why are you so worried about how someone reacts?,"Strawberry, Me, Colored Pencils, 2017",caf74m,hot,-41.0,,[]
I didn‚Äôt read the sub name and I thought you were declaring yourself a strawberry,"Strawberry, Me, Colored Pencils, 2017",caf74m,hot,2.0,,"['You seem worried about how I reacted, maybe you should ask yourself?']"
"This is not a strawberry, what it is may surprise you‚Ä¶","Strawberry, Me, Colored Pencils, 2017",caf74m,hot,3.0,,['üòÇüòÇüòÇ']
"Well when you answer ‚Äúhow did you do the highlights‚Äù with ‚Äúwhite charcoal‚Äù or ‚Äúhow did you make it so shiny‚Äù: ‚ÄúI added my love‚Äù. You are either a corny bastard or you have no idea. If you did draw it, maybe help some aspiring artists with your techniques and wisdom. If you didn‚Äôt draw it, then get a life :-)","Strawberry, Me, Colored Pencils, 2017",caf74m,hot,4.0,,[]
"Shinniest strawberry I‚Äôve ever seen

Edit: I see someone already commented that now. Comment still stands","Strawberry, Me, Colored Pencils, 2017",caf74m,hot,177.0,,['I used a little white charcoal for the white highlights lol i replied to someone saying this. Sorry I was being corny lol I was just messin around üòÖ']
Stranger things strawberry milkshake,"Strawberry, Me, Colored Pencils, 2017",caf74m,hot,2.0,,['üòÇüòÇüòÇüòÇ']
Thanks. I'm an artist as well and am familiar with how color works but my tools are currently lacking in the quality department. Plus his/her use of a brown paper also increases the color which I'm aware of. But im glad to know there's photoshop included in this.,"Strawberry, Me, Colored Pencils, 2017",caf74m,hot,2.0,,[]
"Well I may not have the post, but considering you‚Äôve reposted that strawberry THREE times, with the exact same image IS kind of suspicious.","Strawberry, Me, Colored Pencils, 2017",caf74m,hot,-1.0,,[]
I can't believe those are colored pencils!! Wild!!,"Strawberry, Me, Colored Pencils, 2017",caf74m,hot,2.0,,['I just said I posted it on the /drawing page as well yes. And i posted it over a year ago but I wanted people to see it again who haven‚Äôt. Just trying to get my name out there a bit more :/ sorry that annoys you']
Looks like it's make our of metal. Would still bite.,"Strawberry, Me, Colored Pencils, 2017",caf74m,hot,2.0,,[]
"I love it! How long have you been drawing? I would assume >2500 hours of practice to achieve technique like this, it looks phenomenal! May you be well and happy :)","Strawberry, Me, Colored Pencils, 2017",caf74m,hot,2.0,,[]
"It's a strawberry, but it's a damn GOOD strawberry.","Strawberry, Me, Colored Pencils, 2017",caf74m,hot,3.0,,[]
"I drew almost the exact same thing with colored pencils about 10 years ago! But with more strawberries, just as shiny! [Strawberry Drawing](https://imgur.com/gallery/lVBdoaB)","Strawberry, Me, Colored Pencils, 2017",caf74m,hot,3.0,,[]
"Thanks man, I‚Äôll start posting some more art here once I start practicing more üòÅ","Strawberry, Me, Colored Pencils, 2017",caf74m,hot,2.0,,['Oh wow thats good! Were Strawberry homies ü§™']
No no. This is real,"Strawberry, Me, Colored Pencils, 2017",caf74m,hot,27.0,,[]
Ichigo really let himself go...,"Strawberry, Me, Colored Pencils, 2017",caf74m,hot,1.0,,[]
You must be a Marcello Barenghi fan right?,"Strawberry, Me, Colored Pencils, 2017",caf74m,hot,6.0,,[]
It‚Äôs like dialogue from a Mario game,"Strawberry, Me, Colored Pencils, 2017",caf74m,hot,29.0,,[]
Wow! I love your use of highlights. Really makes this whole thing pop. Excellent job.,"Strawberry, Me, Colored Pencils, 2017",caf74m,hot,1.0,,[]
OP has a pencil dick.,"Strawberry, Me, Colored Pencils, 2017",caf74m,hot,12.0,,[]
Looks more...concrete than my will to exist i guess. Excellent job!,"Strawberry, Me, Colored Pencils, 2017",caf74m,hot,2.0,,[]
"Could‚Äôve added subtle light reflections on the ground, too. The light is actually scattered off the berry on the ground and leave a reddish light directly below it.

But even without that subtle detail the drawing is awesome! Keep it up and show us everything else you got","Strawberry, Me, Colored Pencils, 2017",caf74m,hot,2.0,,[]
"Awesome!  Great job, its perfect!","Strawberry, Me, Colored Pencils, 2017",caf74m,hot,1.0,,[]
"2.6 seconds later: w a x   b l o o m. But really, it looks great. I like the little details like how the seeds are different colors.","Strawberry, Me, Colored Pencils, 2017",caf74m,hot,4.0,,[]
Did you do something to make it so shiny?,"Strawberry, Me, Colored Pencils, 2017",caf74m,hot,86.0,,[]
Immediately I thought this was a photo of a strawberry shaped metal pin. You should make this into a pin!,"Strawberry, Me, Colored Pencils, 2017",caf74m,hot,40.0,,['I added my love üòÅ']
"The reflections from the strawberry is very confusing to me. I understand there‚Äôs essentially 2 light sources hitting the strawberry(initial source and reflection of the table/ground), but the reflections in the center make me think there‚Äôs something more than just that and it becomes less 3d and more 2d if that makes sense.","Strawberry, Me, Colored Pencils, 2017",caf74m,hot,72.0,,[]
Another one of my subjects eternalized on canvas by a great artists. Me and my subjects thank you for this great honor.,"Strawberry, Me, Colored Pencils, 2017",caf74m,hot,2.0,,"[""If there was more than 1 shade of red, it might tone down how bright the whole piece is and give it better depth. A darker red or purple, maybe. It could be stylized, or it could be realistic, but right now it sit in between and distracts from that personal touch imo. It's too 2D?"", 'Lol ok..']"
What pencils do you use and where can i obtain them,"Strawberry, Me, Colored Pencils, 2017",caf74m,hot,2.0,,[]
"Hey, do you mind if I try to replicate this?","Strawberry, Me, Colored Pencils, 2017",caf74m,hot,1.0,,[]
A very comforting image. It reminds me of my time spent in Poland every summer as a child growing up.,"Strawberry, Me, Colored Pencils, 2017",caf74m,hot,9.0,,[]
"If you have two good hands you could make a lot better than this my friend, and I'm not insulting this artist or try to flatter you. 

Art is just another skill like juggling or cooking that anyone can be good at if they do it often.

If you want to make art like this, today is the best time to start practicing. It might take a few months or maybe a year, but you'll get there.","Strawberry, Me, Colored Pencils, 2017",caf74m,hot,7.0,,['strawberry pasta?']
Wow.,"Strawberry, Me, Colored Pencils, 2017",caf74m,hot,3.0,,"['Thanks man, I‚Äôll start posting some more art here once I start practicing more üòÅ']"
Good picture for death metal album named like - red metal strawberry of death,"Strawberry, Me, Colored Pencils, 2017",caf74m,hot,1.0,,[]
what sort of colour pencils did you use? And amazing workü§Ø,"Strawberry, Me, Colored Pencils, 2017",caf74m,hot,3.0,,['üòÇ']
Oh wow thats good! Were Strawberry homies ü§™,"Strawberry, Me, Colored Pencils, 2017",caf74m,hot,2.0,,[]
"There's something about this, I like it. Maybe it's the contrast of the paper. Very aesthetically pleasing to my eyes.","Strawberry, Me, Colored Pencils, 2017",caf74m,hot,0.0,,[]
FAKE,"Strawberry, Me, Colored Pencils, 2017",caf74m,hot,3.0,,[]
I used a little white charcoal for the white highlights lol i replied to someone saying this. Sorry I was being corny lol I was just messin around üòÖ,"Strawberry, Me, Colored Pencils, 2017",caf74m,hot,1.0,,[]
This is very nice.  One thing to note:  Consider your shadow color choices and consider reflected light from the strawberry onto the surface.  Shadows are very rarely ‚Äúblack‚Äù.,"Strawberry, Me, Colored Pencils, 2017",caf74m,hot,3.0,,[]
Did you use a reference to create the lighting or did you do that from memory/knowledge of lighting?,"Strawberry, Me, Colored Pencils, 2017",caf74m,hot,4.0,,[]
I don't even know where I'd begin to do this. What a fantastic talent!,"Strawberry, Me, Colored Pencils, 2017",caf74m,hot,2.0,,[]
What type of paper did you use?,"Strawberry, Me, Colored Pencils, 2017",caf74m,hot,3.0,,['Thank u!! üôèüèº']
"   
It looks very nice to see","Strawberry, Me, Colored Pencils, 2017",caf74m,hot,2.0,,['Toned tan :)']
"Yea i can kinda relate because i draw a lot of my self, but i would rather do a new piece than post the same work 3 times to make more karma.","Strawberry, Me, Colored Pencils, 2017",caf74m,hot,6.0,,[]
üòÇüòÇüòÇ,"Strawberry, Me, Colored Pencils, 2017",caf74m,hot,2.0,,['[deleted]']
"Shadow is really lazily done and the highlights aren't gradual making the strawberry seem metallic or plasticy instead of organic. Unrealistic strawberry. Keep trying, you'll get better. White highlights all over are the lazy way to get something aesthetic, but it's unrealistic.","Strawberry, Me, Colored Pencils, 2017",caf74m,hot,0.0,,[]
üôèüèºüôèüèºüôèüèº,"Strawberry, Me, Colored Pencils, 2017",caf74m,hot,0.0,,['Ok']
It is so nice to zoom in and out on this picture! Well done!,"Strawberry, Me, Colored Pencils, 2017",caf74m,hot,2.0,,[]
Ooh! White charcoal is the best!,"Strawberry, Me, Colored Pencils, 2017",caf74m,hot,18.0,,[]
Looks more *realistic* than real strawberries,"Strawberry, Me, Colored Pencils, 2017",caf74m,hot,2.0,,['Shhh!!!ü§´']
Wow. That's one of the best drawings of fruit I've seen. Do you have an IG or anything for us to follow you?,"Strawberry, Me, Colored Pencils, 2017",caf74m,hot,2.0,,[]
It‚Äôs that display fruit from kitchen show rooms.,"Strawberry, Me, Colored Pencils, 2017",caf74m,hot,2.0,,[]
Aluminum strawberry,"Strawberry, Me, Colored Pencils, 2017",caf74m,hot,1.0,,[]
Go away,"Strawberry, Me, Colored Pencils, 2017",caf74m,hot,-110.0,,[]
"the key is light layers. A big mistake a lot of people make is starting off with one of the BIG sets of colored pencils that have almost any color you can think of. A smaller pack of them will help with learning to use layers to get the color/saturation you want. Also, the blending pencils are great, but I like to go a little darker with my base layers, then use a white colored pencil to blend/lighten.

Also, yes, paper is a big factor. You want something that has a good tooth to it, but not too much. There is a balance. If you are using printer style paper, its going to look like crayons. If you use too toothy of a paper, you knock down a lot of that tooth and wont be able to blend as well.","Strawberry, Me, Colored Pencils, 2017",caf74m,hot,12.0,,"['You need to learn to accept criticism. It‚Äôs kind of embarrassing how you‚Äôre responding to anything less than unadulterated praise', '? Telling the truth. 10d ago 1y ago']"
What kind of witchcraft do you practice that allows you to blend the demon spawn of color tools this well???,"Strawberry, Me, Colored Pencils, 2017",caf74m,hot,3.0,,[]
Beautiful! How big is this drawing?,"Strawberry, Me, Colored Pencils, 2017",caf74m,hot,1.0,,[]
"They sometimes pray red wax on Strawberries to make them look more red at the supermarket, or so I have been told.","Strawberry, Me, Colored Pencils, 2017",caf74m,hot,4.0,,[]
All that effort on the strawberry with a mediocre shadow is really bugging me,"Strawberry, Me, Colored Pencils, 2017",caf74m,hot,1.0,,[]
Amazing what you can do with colored pencils. I dare ya to draw the Mona Lisa with crayola crayons!,"Strawberry, Me, Colored Pencils, 2017",caf74m,hot,2.0,,[]
I just said I posted it on the /drawing page as well yes. And i posted it over a year ago but I wanted people to see it again who haven‚Äôt. Just trying to get my name out there a bit more :/ sorry that annoys you,"Strawberry, Me, Colored Pencils, 2017",caf74m,hot,2.0,,[]
What kind of paper was this done on? I‚Äôm an artist trying to get better at colored pencil. I know you take a LOT of time shading very small areas but maybe I‚Äôm using the wrong paper too.,"Strawberry, Me, Colored Pencils, 2017",caf74m,hot,1.0,,[]
oh nooo...,"Strawberry, Me, Colored Pencils, 2017",caf74m,hot,21.0,,[]
"Looks good, but I think it needs more darks to make it look more realistic.","Strawberry, Me, Colored Pencils, 2017",caf74m,hot,2.0,,['JESSSSS!']
I want that texture on my next smartphone.,"Strawberry, Me, Colored Pencils, 2017",caf74m,hot,2.0,,[]
"The lighting and colors are all wrong. I have no idea why everyone loves this so much. The single shade of red makes it look flat, and the light/shadows are just completely wrong everywhere.","Strawberry, Me, Colored Pencils, 2017",caf74m,hot,-3.0,,[]
"Oh holy fuck, you're absolutely hilarious!","Flying ship, Me, digital, 2019",calyzo,hot,1.0,,['Dang thanks for the hate üòä always much appreciated lol']
"Oh sorry, I mean what software? And did you do any sort of sketches beforehand or just have a clear idea of what you wanted to make? :)","Flying ship, Me, digital, 2019",calyzo,hot,1.0,,[]
"so cool ! I know that wood grain wasn't easy but you pulled it off beautifully. Nice concept and nice execution, looks great.","Flying ship, Me, digital, 2019",calyzo,hot,2.0,,"['aseprite, but as i said in other reply, almost any graphic editor can be used.   \nyeah, I almost always do sketches, especially for such big drawings (:']"
You need to apply at Studio Ghibli haha,"Flying ship, Me, digital, 2019",calyzo,hot,2.0,,[]
It immediately took me back to Columbia from Bioshock: Infinite,"Flying ship, Me, digital, 2019",calyzo,hot,2.0,,[]
"aseprite, but as i said in other reply, almost any graphic editor can be used.   
yeah, I almost always do sketches, especially for such big drawings (:","Flying ship, Me, digital, 2019",calyzo,hot,3.0,,[]
"What a fantastic piece.  There's a lovely vibe of the Ghibli movie ""Laputa"".","Flying ship, Me, digital, 2019",calyzo,hot,1.0,,[]
getting Maplestory vibes from this,"Flying ship, Me, digital, 2019",calyzo,hot,3.0,,[]
Wow nice! What did you use/how did you go about pixelating it?,"Flying ship, Me, digital, 2019",calyzo,hot,2.0,,[]
"Oh heck, that is a lot of time, but seems like worth it, the art is amazing.","Flying ship, Me, digital, 2019",calyzo,hot,2.0,,"['Hmm, I just use aliased pencil 1x1px wide, nothing special (:']"
Killer pixel art = upvotes. Great work!,"Flying ship, Me, digital, 2019",calyzo,hot,5.0,,[]
Thank you! It was around 25 hours (:,"Flying ship, Me, digital, 2019",calyzo,hot,2.0,,"['Wow, didn‚Äôt t realize this was pixel art until I zoomed in. Excellent work!\n\nEdit: correcting autocorrect.']"
"This is looking awesome, a very detailed pixel art to the point of being impressive to see, must ask the time you spent doing this.","Flying ship, Me, digital, 2019",calyzo,hot,8.0,,"['Oh heck, that is a lot of time, but seems like worth it, the art is amazing.', 'Wow nice! What did you use/how did you go about pixelating it?', 'You need to apply at Studio Ghibli haha']"
"It's totally normal to ask such things! :D well, you can do pixel art in almost every graphic editor like photoshop. I used to work on photoshop, now I use  aseprite. But I know brilliant pixel artist who uses paint :D","Flying ship, Me, digital, 2019",calyzo,hot,4.0,,['Thank you! It was around 25 hours (:']
"Wow, didn‚Äôt t realize this was pixel art until I zoomed in. Excellent work!

Edit: correcting autocorrect.","Flying ship, Me, digital, 2019",calyzo,hot,3.0,,['Sweet! This gives me a starting point. Thanks so much!']
"Hmm, I just use aliased pencil 1x1px wide, nothing special (:","Flying ship, Me, digital, 2019",calyzo,hot,1.0,,['thanks!']
thanks!,"Flying ship, Me, digital, 2019",calyzo,hot,2.0,,"['Oh sorry, I mean what software? And did you do any sort of sketches beforehand or just have a clear idea of what you wanted to make? :)']"
Sweet! This gives me a starting point. Thanks so much!,"Flying ship, Me, digital, 2019",calyzo,hot,2.0,,[]
thank you (:,"Flying ship, Me, digital, 2019",calyzo,hot,3.0,,[]
Amazing! At first glance I didnt even notice it was pixel art cuz of how detailed it was.,"Flying ship, Me, digital, 2019",calyzo,hot,5.0,,[]
"Reminds me of *Skies of Arcadia.*
Awesome work!","Flying ship, Me, digital, 2019",calyzo,hot,3.0,,['thank you (:']
"Pardon me if this is rude or bad etiquette to ask, but what program did you use to create this? 

I've been gaining a lot of interest in pixel art lately and I'm interested in getting started but don't know where to begin.","Flying ship, Me, digital, 2019",calyzo,hot,1.0,,[]
You captured a what is for me an undiscribable sensation of emotions in a perfect way,"Bottling up your emotions, me, ink on paper, 2019",canf0k,hot,1.0,,"[""It's totally normal to ask such things! :D well, you can do pixel art in almost every graphic editor like photoshop. I used to work on photoshop, now I use  aseprite. But I know brilliant pixel artist who uses paint :D""]"
Thanks very much :),"Bottling up your emotions, me, ink on paper, 2019",canf0k,hot,1.0,,['Glad I was able to visualize it for you :)']
Thanks very much my friend that's means a lot :),"Bottling up your emotions, me, ink on paper, 2019",canf0k,hot,2.0,,[]
Thanks very much!,"Bottling up your emotions, me, ink on paper, 2019",canf0k,hot,2.0,,[]
"Oh right, my bad I've never seen the anime","Bottling up your emotions, me, ink on paper, 2019",canf0k,hot,1.0,,[]
"It definitely shows, at first I legit thought somebody posted a pic of Junji Ito manga. Keep up the good work, would love to see more of this artstyle üòä","Bottling up your emotions, me, ink on paper, 2019",canf0k,hot,2.0,,[]
Thanks very much :),"Bottling up your emotions, me, ink on paper, 2019",canf0k,hot,1.0,,"[""Thanks very much my friend that's means a lot :)""]"
ITS GONE BESERK THE HOUR THE WORLD CHANGES IS AT HAND GIORNO!,"Bottling up your emotions, me, ink on paper, 2019",canf0k,hot,1.0,,[]
What do you mean by stand?,"Bottling up your emotions, me, ink on paper, 2019",canf0k,hot,3.0,,[]
Damn Joe Rogan really be going through some shit...,"Bottling up your emotions, me, ink on paper, 2019",canf0k,hot,13.0,,['It‚Äôs a Jojo reference.']
"Junji Ito was the inspiration for the subject matter and kentaro muira was the inspiration for the style, I'd kill to be able to crosshatch like that man, absolute legend","Bottling up your emotions, me, ink on paper, 2019",canf0k,hot,1.0,,"[""He knows the Earth is flat and it's stressing him out to the point where he's gonna burst xD"", 'I was going to say Bill Burr, but I see your point.']"
He knows the Earth is flat and it's stressing him out to the point where he's gonna burst xD,"Bottling up your emotions, me, ink on paper, 2019",canf0k,hot,4.0,,"['It definitely shows, at first I legit thought somebody posted a pic of Junji Ito manga. Keep up the good work, would love to see more of this artstyle üòä']"
Nice work! Both bringing across the idea and emotion and the artwork are very nice!,"Bottling up your emotions, me, ink on paper, 2019",canf0k,hot,3.0,,[]
Glad I was able to visualize it for you :),"Bottling up your emotions, me, ink on paper, 2019",canf0k,hot,1.0,,[]
"This reminds me of Junji Ito's works. I guess he was one of your inspirations?

Brilliant work by the way!üëç","Bottling up your emotions, me, ink on paper, 2019",canf0k,hot,3.0,,[]
"Business in the front, party in the back!

Great artwork :)","Bottling up your emotions, me, ink on paper, 2019",canf0k,hot,3.0,,"[""Junji Ito was the inspiration for the subject matter and kentaro muira was the inspiration for the style, I'd kill to be able to crosshatch like that man, absolute legend""]"
Gives me angst just looking at it. Powerful!,"Bottling up your emotions, me, ink on paper, 2019",canf0k,hot,5.0,,['Thanks very much :)']
"I was going to say Bill Burr, but I see your point.","Bottling up your emotions, me, ink on paper, 2019",canf0k,hot,1.0,,[]
What the fuck kind of stand is that?,"Bottling up your emotions, me, ink on paper, 2019",canf0k,hot,2.0,,[]
Very well captured. This is iconic thank you!,"Bottling up your emotions, me, ink on paper, 2019",canf0k,hot,10.0,,['What do you mean by stand?']
It‚Äôs a Jojo reference.,"Bottling up your emotions, me, ink on paper, 2019",canf0k,hot,2.0,,['Thanks very much!']
Looks like a villan origin story panel in a graphic novel. This is really kick-ass art. The emotion on the face in the mirror really ties it together.,"Bottling up your emotions, me, ink on paper, 2019",canf0k,hot,2.0,,"[""Oh right, my bad I've never seen the anime""]"
I really dig the gradients and the level of precision on display here. Excellent! Do you have more like this?,"DNA Knight, Me, Colored Pencils, 2019",cakmpz,hot,3.0,,['Thanks very much :)']
"He's my inspiration, love his work","DNA Knight, Me, Colored Pencils, 2019",cakmpz,hot,3.0,,['Thanks a bunch! My Reddit bio will direct you to more of my art']
This is creative. I'm impressed.,"DNA Knight, Me, Colored Pencils, 2019",cakmpz,hot,10.0,,[]
Thank you,"DNA Knight, Me, Colored Pencils, 2019",cakmpz,hot,3.0,,['Thank you']
"Yep, love the guy's work","DNA Knight, Me, Colored Pencils, 2019",cakmpz,hot,1.0,,[]
Is this CRISPR related? I remember seeing something like this in a Kurzgesagt video.,"DNA Knight, Me, Colored Pencils, 2019",cakmpz,hot,3.0,,[]
Thanks a bunch! My Reddit bio will direct you to more of my art,"DNA Knight, Me, Colored Pencils, 2019",cakmpz,hot,1.0,,"[""I don't know what CRISPR is, but I do enjoy Kurzgesagt's videos""]"
"Woah, I was certain this was digital. Impressive","DNA Knight, Me, Colored Pencils, 2019",cakmpz,hot,2.0,,"['I really love your style. Like others have said, your gradients are incredible!']"
Thanks!,"DNA Knight, Me, Colored Pencils, 2019",cakmpz,hot,2.0,,['Thanks!']
"Reminds me a lot of David peyote, a tattoo artist out of Montreal","DNA Knight, Me, Colored Pencils, 2019",cakmpz,hot,2.0,,[]
"Reminds me of David Cote‚Äôs color design. Helmet looks sharp too, gonna stay a long time.","DNA Knight, Me, Colored Pencils, 2019",cakmpz,hot,8.0,,"[""Yep, love the guy's work""]"
You‚Äôre working through the backlog then?,"DNA Knight, Me, Colored Pencils, 2019",cakmpz,hot,0.0,,"[""He's my inspiration, love his work""]"
"I don't know what CRISPR is, but I do enjoy Kurzgesagt's videos","DNA Knight, Me, Colored Pencils, 2019",cakmpz,hot,1.0,,[]
That would be cool if you drew a genetic kingdom,"DNA Knight, Me, Colored Pencils, 2019",cakmpz,hot,4.0,,['You‚Äôre working through the backlog then?']
"Google search ""italo Calvino - nuestros antepasados book cover""","DNA Knight, Me, Colored Pencils, 2019",cakmpz,hot,1.0,,"[""That's a good idea""]"
That's a good idea,"DNA Knight, Me, Colored Pencils, 2019",cakmpz,hot,3.0,,[]
"I really love your style. Like others have said, your gradients are incredible!","DNA Knight, Me, Colored Pencils, 2019",cakmpz,hot,2.0,,[]
thanks! I originally posted it at r/pixelart and got 0 comments,"Corner Store, Me, Digital (pixel art), 2019",cai7hh,hot,13.0,,[]
ty!,"Corner Store, Me, Digital (pixel art), 2019",cai7hh,hot,1.0,,"[""That a heckin' travesty.""]"
Reminds me of Kim's Convenience,"Corner Store, Me, Digital (pixel art), 2019",cai7hh,hot,2.0,,[]
thanks!,"Corner Store, Me, Digital (pixel art), 2019",cai7hh,hot,2.0,,['so many references in here and I am still yet to get one of them : (']
finally a reference i understood ! thanks for the comment : D,"Corner Store, Me, Digital (pixel art), 2019",cai7hh,hot,1.0,,[]
thanks! so glad some people are appreciating it,"Corner Store, Me, Digital (pixel art), 2019",cai7hh,hot,1.0,,[]
"ditto     üëÜüèø

but this is fuckin‚Äô dope !","Corner Store, Me, Digital (pixel art), 2019",cai7hh,hot,2.0,,[]
This is so cool! I‚Äôm following you now,"Corner Store, Me, Digital (pixel art), 2019",cai7hh,hot,1.0,,['thanks!']
"thanks so much! it took approximately 20 hours over three days, but a lot of ""figuring out"" time as this was the first drawing I did completely inside Aseprite, and I am still learning.","Corner Store, Me, Digital (pixel art), 2019",cai7hh,hot,2.0,,['awesome thanks!!']
"I see quality pixel art, I upvote. Plain & simple. Nice work!","Corner Store, Me, Digital (pixel art), 2019",cai7hh,hot,1.0,,[]
"Haha it's a fun little comedy TV show. 

Give it a try if you don't have a binge list.","Corner Store, Me, Digital (pixel art), 2019",cai7hh,hot,2.0,,['haha thanks !']
"Made the Scanner Darkly comment before I zoomed in a little bit aha.

It's more like if Rockstar Games made a 1st person perspective China Town Wars sequel and kept the pixelated aesthetic","Corner Store, Me, Digital (pixel art), 2019",cai7hh,hot,3.0,,[]
ty!,"Corner Store, Me, Digital (pixel art), 2019",cai7hh,hot,1.0,,[]
"It's amazing, well done. How long did it take you if I may ask?

Reminds me a little bit of the film Scanner Darkly. 

Do you have similar work like this? Specifically of city locations?","Corner Store, Me, Digital (pixel art), 2019",cai7hh,hot,3.0,,[]
"thanks! I'm working on that, actually...","Corner Store, Me, Digital (pixel art), 2019",cai7hh,hot,3.0,,"[""Made the Scanner Darkly comment before I zoomed in a little bit aha.\n\nIt's more like if Rockstar Games made a 1st person perspective China Town Wars sequel and kept the pixelated aesthetic"", 'thanks so much! it took approximately 20 hours over three days, but a lot of ""figuring out"" time as this was the first drawing I did completely inside Aseprite, and I am still learning.']"
The atmosphere is so freaking good. I love this.,"Corner Store, Me, Digital (pixel art), 2019",cai7hh,hot,2.0,,[]
thanks !,"Corner Store, Me, Digital (pixel art), 2019",cai7hh,hot,1.0,,['ty!']
let's do it!,"Corner Store, Me, Digital (pixel art), 2019",cai7hh,hot,1.0,,[]
"Since it appears that you read every comment I just want to tell you that this Picture looks 11/10 and I (and proably at least 200 mroe) wold be happy to see more like this.

&#x200B;

Have a good day.","Corner Store, Me, Digital (pixel art), 2019",cai7hh,hot,2.0,,[]
"Walking along, smoking a cigarette after a few beers at a local pub makes this art happiness to me","Corner Store, Me, Digital (pixel art), 2019",cai7hh,hot,2.0,,['thanks!']
"that is a great compliment and means a lot to me, because I did stare at it for hours ! I appreciate it the comment a ton","Corner Store, Me, Digital (pixel art), 2019",cai7hh,hot,2.0,,['awesome! thank you !']
"This really looks nice, totally reminds me of Shadowrun and Blade Runner! Would love to see an animated GIF version, that would make it a 12/10 :-)","Corner Store, Me, Digital (pixel art), 2019",cai7hh,hot,2.0,,[]
awesome thanks!!,"Corner Store, Me, Digital (pixel art), 2019",cai7hh,hot,1.0,,"[""thanks! I'm working on that, actually...""]"
"The TV looks sad. Takes a lot of skill to make a TV look sad, good work man.","Corner Store, Me, Digital (pixel art), 2019",cai7hh,hot,1.0,,[]
You could accomplish so much with your concepts with photoshop! The fact this is pixel art shows immense strategy! Well done!,"Corner Store, Me, Digital (pixel art), 2019",cai7hh,hot,1.0,,['haha ty']
Love it. Good job. Great atmosphere.,"Corner Store, Me, Digital (pixel art), 2019",cai7hh,hot,9.0,,"[""I draw in Photoshop as well but I'm on a pixel art kick right now working in aseprite only... ty!""]"
Getting vibes from ‚ÄúThe Devil king is a part timer‚Äù. That scene where MC lend Emi his umbrella.,"Corner Store, Me, Digital (pixel art), 2019",cai7hh,hot,3.0,,['thanks! I originally posted it at r/pixelart and got 0 comments']
"the atmosphere around it is great, the somewhat puzzling, kinda worrying peace and all. Amazing","Corner Store, Me, Digital (pixel art), 2019",cai7hh,hot,2.0,,[]
"I dont usually comment on art pictures. But when I do they are usually shit. Loved the picture üëçüëç. 


""With great talent comes a lot of pussy."" -Thanos","Corner Store, Me, Digital (pixel art), 2019",cai7hh,hot,2.0,,['thanks! so glad some people are appreciating it']
pokemon should have hired you as their pixel artist damn good work,"Corner Store, Me, Digital (pixel art), 2019",cai7hh,hot,1.0,,['ditto     üëÜüèø\n\nbut this is fuckin‚Äô dope !']
I even looked for the Hyperion spaceship before giving up and reading the title.,"Corner Store, Me, Digital (pixel art), 2019",cai7hh,hot,2.0,,['ty!']
thanks!,"Corner Store, Me, Digital (pixel art), 2019",cai7hh,hot,1.0,,[]
"I really liked the details and the atmosphere, well done!","Corner Store, Me, Digital (pixel art), 2019",cai7hh,hot,2.0,,[]
"I wasn't even supposed to be here today! Seriously though,  I like it.","Corner Store, Me, Digital (pixel art), 2019",cai7hh,hot,2.0,,['thanks!']
I draw in Photoshop as well but I'm on a pixel art kick right now working in aseprite only... ty!,"Corner Store, Me, Digital (pixel art), 2019",cai7hh,hot,1.0,,['thanks !']
"Before I zoomed in to see the pixelation (on mobile), the style really reminded me of Borderlands","Corner Store, Me, Digital (pixel art), 2019",cai7hh,hot,6.0,,[]
"A ""slurm"" sign would fit in perfectly.  Looks cool dude!","Corner Store, Me, Digital (pixel art), 2019",cai7hh,hot,1.0,,"['ah yes I can see that because of the black outlines on everything, thanks for zooming in!', 'I even looked for the Hyperion spaceship before giving up and reading the title.']"
That a heckin' travesty.,"Corner Store, Me, Digital (pixel art), 2019",cai7hh,hot,5.0,,['finally a reference i understood ! thanks for the comment : D']
thanks!,"Corner Store, Me, Digital (pixel art), 2019",cai7hh,hot,0.0,,[]
haha ty,"Corner Store, Me, Digital (pixel art), 2019",cai7hh,hot,1.0,,[]
awesome! thank you !,"Corner Store, Me, Digital (pixel art), 2019",cai7hh,hot,2.0,,[]
so many references in here and I am still yet to get one of them : (,"Corner Store, Me, Digital (pixel art), 2019",cai7hh,hot,2.0,,[]
"ah yes I can see that because of the black outlines on everything, thanks for zooming in!","Corner Store, Me, Digital (pixel art), 2019",cai7hh,hot,3.0,,"[""Haha it's a fun little comedy TV show. \n\nGive it a try if you don't have a binge list.""]"
haha thanks !,"Corner Store, Me, Digital (pixel art), 2019",cai7hh,hot,2.0,,[]
I can literally see all the stories that will unfold in this place. Great job!,"Corner Store, Me, Digital (pixel art), 2019",cai7hh,hot,1.0,,[]
"I could look at it for hours! Very emersive, love the color scheme, depth and richness of detail!","Corner Store, Me, Digital (pixel art), 2019",cai7hh,hot,2.0,,"[""let's do it!""]"
It kind of reminds me of Chernobyl. Great work of art.,"A Buried Endeavor, Me, Digital, 2019",cal17j,hot,2.0,,"['that is a great compliment and means a lot to me, because I did stare at it for hours ! I appreciate it the comment a ton']"
Beat me to it. Specifically right between 75 N and central Parkway,"A Buried Endeavor, Me, Digital, 2019",cal17j,hot,2.0,,[]
"This confused the shit out of me! The railing and everything above my brain thought was a real picture and everything under it (like obviously the train/tram and the deer) my brain saw as ‚Äúpainted‚Äù.
This confused me so much, for that alone I love it!
Great work!","A Buried Endeavor, Me, Digital, 2019",cal17j,hot,1.0,,[]
That‚Äôs what it is!,"A Buried Endeavor, Me, Digital, 2019",cal17j,hot,2.0,,[]
"I don't know why, but my first thought was the boarded up entrances of the never completed Cincinnati subway.","A Buried Endeavor, Me, Digital, 2019",cal17j,hot,4.0,,[]
I like it and the feeling you're going for. The only thing that jumps out at me is the spacing of the fireflies. They seem to be equally spread throughout rather than random. Great job!,"A Buried Endeavor, Me, Digital, 2019",cal17j,hot,2.0,,"['That‚Äôs what it is!', 'Beat me to it. Specifically right between 75 N and central Parkway']"
"This is so cool, I absolutely love the color palette","A Buried Endeavor, Me, Digital, 2019",cal17j,hot,3.0,,[]
That looks like the abandoned Cincinnati metro.,"A Buried Endeavor, Me, Digital, 2019",cal17j,hot,2.0,,[]
I love the vibe of this!! kinda jenna barton-esque in the best way,"A Buried Endeavor, Me, Digital, 2019",cal17j,hot,1.0,,[]
,,,,,,[]
